{
    "name": "Cinematic Photo (XL)",
    "version": 2,
    "architecture": "auto",
    "checkpoints": [
        "RealVisXL_V5.0_fp16.safetensors",
        "juggernautXL_juggXIByRundiffusion.safetensors",
        "Juggernaut_X_RunDiffusion.safetensors",
        "juggernautXL_v9Rundiffusionphoto2.safetensors",
        "juggernautXL_version6Rundiffusion.safetensors"
    ],
    "loras": [],
    "style_prompt": "cinematic film still {prompt}",
    "negative_prompt": "anime, cartoon, graphic, text, painting, crayon, graphite, abstract",
    "vae": "Checkpoint Default",
    "clip_skip": 0,
    "v_prediction_zsnr": false,
    "self_attention_guidance": false,
    "preferred_resolution": 0,
    "sampler": "Default - DPM++ 2M",
    "sampler_steps": 20,
    "cfg_scale": 7.0,
    "live_sampler": "Realtime - Hyper",
    "live_sampler_steps": 8,
    "live_cfg_scale": 3.5
}