{
    "name": "Cinematic Photo",
    "version": 2,
    "architecture": "auto",
    "checkpoints": [
        "serenity_v21Safetensors.safetensors",
        "realisticVisionV60B1_v60B1VAE.safetensors",
        "realisticVisionV51_v51VAE.safetensors"
    ],
    "loras": [],
    "style_prompt": "cinematic photo of {prompt}, photograph, film, best quality, highres",
    "negative_prompt": "drawing, painting, sketch, bad quality, low resolution, blurry",
    "vae": "Checkpoint Default",
    "clip_skip": 0,
    "v_prediction_zsnr": false,
    "self_attention_guidance": false,
    "preferred_resolution": 0,
    "sampler": "Default - DPM++ 2M",
    "sampler_steps": 20,
    "cfg_scale": 7.0,
    "live_sampler": "Realtime - Hyper",
    "live_sampler_steps": 8,
    "live_cfg_scale": 4.0
}