{
    "name": "Comic & Anime",
    "version": 2,
    "architecture": "auto",
    "checkpoints": [
        "flat2DAnimerge_v45Sharp.safetensors"
    ],
    "loras": [],
    "style_prompt": "anime artwork {prompt} . comic art, graphic novel art, studio anime, highly detailed",
    "negative_prompt": "embedding:EasyNegative, photo, deformed, black and white, realism, disfigured, low contrast",
    "vae": "Checkpoint Default",
    "clip_skip": 2,
    "v_prediction_zsnr": false,
    "self_attention_guidance": false,
    "preferred_resolution": 0,
    "sampler": "Default - DPM++ 2M",
    "sampler_steps": 20,
    "cfg_scale": 6.0,
    "live_sampler": "Realtime - Hyper",
    "live_sampler_steps": 8,
    "live_cfg_scale": 3.0
}