{
    "name": "Digital Artwork (XL)",
    "version": 2,
    "architecture": "auto",
    "checkpoints": [
        "zavychromaxl_v80.safetensors",
        "pixelwave_11.safetensors"
    ],
    "loras": [],
    "style_prompt": "concept art {prompt} . digital artwork, illustrative, matte painting",
    "negative_prompt": "photo, photorealistic",
    "vae": "Checkpoint Default",
    "clip_skip": 0,
    "v_prediction_zsnr": false,
    "self_attention_guidance": false,
    "preferred_resolution": 0,
    "sampler": "Default - DPM++ 2M",
    "sampler_steps": 20,
    "cfg_scale": 7.0,
    "live_sampler": "Realtime - Hyper",
    "live_sampler_steps": 8,
    "live_cfg_scale": 4.0
}