{
    "name": "Digital Artwork",
    "version": 2,
    "architecture": "auto",
    "checkpoints": [
        "dreamshaper_8.safetensors"
    ],
    "loras": [],
    "style_prompt": "digital artwork of {prompt}, best quality, highres, 4k",
    "negative_prompt": "photo, photorealistic, bad quality, low resolution, blurry",
    "vae": "Checkpoint Default",
    "clip_skip": 0,
    "v_prediction_zsnr": false,
    "self_attention_guidance": false,
    "preferred_resolution": 0,
    "sampler": "Default - DPM++ 2M",
    "sampler_steps": 20,
    "cfg_scale": 7.0,
    "live_sampler": "Realtime - Hyper",
    "live_sampler_steps": 8,
    "live_cfg_scale": 5.0
}