{
    "name": "Flux",
    "version": 1,
    "architecture": "auto",
    "checkpoints": [
        "flux1-dev-fp8.safetensors",
        "flux1-dev.safetensors"
    ],
    "loras": [],
    "style_prompt": "photo of {prompt}, atmospheric film still",
    "negative_prompt": "",
    "vae": "Checkpoint Default",
    "clip_skip": 0,
    "v_prediction_zsnr": false,
    "self_attention_guidance": false,
    "preferred_resolution": 0,
    "sampler": "Flux - Euler simple",
    "sampler_steps": 20,
    "cfg_scale": 3.5,
    "live_sampler": "Flux - Euler simple",
    "live_sampler_steps": 20,
    "live_cfg_scale": 3.5
}