{
    "Default - DPM++ 2M": {
        "sampler": "dpmpp_2m",
        "scheduler": "karras",
        "steps": 20,
        "minimum_steps": 4,
        "cfg": 7.0
    },
    "Alternative - Euler A": {
        "sampler": "euler_ancestral",
        "scheduler": "normal",
        "steps": 20,
        "minimum_steps": 4,
        "cfg": 6.0
    },
    "Creative - DPM++ 2M SDE": {
        "sampler": "dpmpp_2m_sde_gpu",
        "scheduler": "karras",
        "steps": 20,
        "minimum_steps": 4,
        "cfg": 6.0
    },
    "Fast - UniPC BH2": {
        "sampler": "uni_pc_bh2",
        "scheduler": "gits",
        "steps": 12,
        "minimum_steps": 4,
        "cfg": 4.0
    },
    "Turbo/Lightning Merge - DPM++ SDE": {
        "sampler": "dpmpp_sde_gpu",
        "scheduler": "karras",
        "steps": 6,
        "minimum_steps": 4,
        "cfg": 2.0
    },
    "Lightning Merge - Euler A Uniform": {
        "sampler": "euler_ancestral",
        "scheduler": "sgm_uniform",
        "steps": 8,
        "minimum_steps": 4,
        "cfg": 1.5
    },
    "Realtime - Hyper": {
        "sampler": "euler",
        "scheduler": "sgm_uniform",
        "lora": "hyper",
        "steps": 8,
        "minimum_steps": 3,
        "cfg": 3.5
    },
    "Realtime - LCM": {
        "hidden": true,
        "sampler": "lcm",
        "scheduler": "sgm_uniform",
        "lora": "lcm",
        "steps": 6,
        "minimum_steps": 4,
        "cfg": 1.8
    },
    "Realtime - Lightning": {
        "hidden": true,
        "sampler": "euler",
        "scheduler": "sgm_uniform",
        "lora": "lightning",
        "steps": 8,
        "minimum_steps": 4,
        "cfg": 1.5
    },
    "SD3 - DPM++ 2M Uniform": {
        "sampler": "dpmpp_2m",
        "scheduler": "sgm_uniform",
        "steps": 24,
        "minimum_steps": 4,
        "cfg": 5.0
    },
    "Flux - Euler simple": {
        "sampler": "euler",
        "scheduler": "simple",
        "steps": 20,
        "minimum_steps": 4,
        "cfg": 1.0
    }
}